login,full_name,created_at,stargazers_count,watchers_count,language,has_projects,has_wiki,license_name
peng-zhihui,peng-zhihui/CycloidAcuratorNano,2021-11-27T12:55:03Z,482,482,,true,true,
peng-zhihui,peng-zhihui/Dummy-Robot,2021-10-07T11:42:58Z,12170,12170,C,true,true,
peng-zhihui,peng-zhihui/HoloCubic,2021-01-07T03:24:11Z,6064,6064,C,true,true,GNU General Public License v3.0
peng-zhihui,peng-zhihui/agibot_x1_hardware,2024-10-24T08:57:19Z,45,45,,true,false,
peng-zhihui,peng-zhihui/ElectronBot,2022-03-11T09:24:44Z,7957,7957,C,true,true,GNU General Public License v3.0
peng-zhihui,peng-zhihui/imGUI-Template,2023-01-14T11:47:18Z,183,183,C++,true,true,
peng-zhihui,peng-zhihui/FaceAPP-Arduino,2017-02-22T16:40:14Z,82,82,C++,true,true,
peng-zhihui,peng-zhihui/agibot_x1_infer,2024-10-24T05:25:27Z,19,19,,true,false,Other
peng-zhihui,peng-zhihui/agibot_x1_train,2024-10-24T05:25:33Z,20,20,,true,false,
peng-zhihui,peng-zhihui/HelloWord-Keyboard,2022-07-30T09:00:25Z,6086,6086,C,true,true,GNU General Public License v3.0
peng-zhihui,peng-zhihui/HDMI-PI,2020-10-19T03:04:32Z,5784,5784,C,true,true,
peng-zhihui,peng-zhihui/AimRT,2024-09-23T10:32:35Z,71,71,,true,true,Other
peng-zhihui,peng-zhihui/Ctrl-FOC-Lite,2021-08-07T10:21:34Z,1061,1061,C,true,true,
peng-zhihui,peng-zhihui/ESP32-PicoDK,2021-05-19T03:00:10Z,1190,1190,C,true,true,
peng-zhihui,peng-zhihui/BluetoothTouch,2020-11-26T14:51:25Z,489,489,Java,true,true,GNU General Public License v3.0
peng-zhihui,peng-zhihui/A-Eye,2019-10-02T15:54:46Z,1180,1180,C,true,true,
peng-zhihui,peng-zhihui/GRBL_for_STM32,2020-08-02T05:15:09Z,185,185,C,true,true,GNU General Public License v3.0
peng-zhihui,peng-zhihui/GrblHost,2021-05-22T15:22:21Z,172,172,C++,true,true,
peng-zhihui,peng-zhihui/DeepVision,2020-07-27T11:10:17Z,1884,1884,Java,true,true,GNU General Public License v3.0
peng-zhihui,peng-zhihui/FingerBoard,2019-05-13T08:08:12Z,402,402,C++,true,true,
peng-zhihui,peng-zhihui/GL-MT1300_Plugin,2021-12-13T07:26:44Z,59,59,,true,true,MIT License
peng-zhihui,peng-zhihui/graspnet-baseline,2021-08-10T12:16:16Z,80,80,,true,true,Other
peng-zhihui,peng-zhihui/GE-Switch,2020-12-27T14:16:55Z,143,143,,true,true,
peng-zhihui,peng-zhihui/BilibiliLottery,2020-03-28T14:40:45Z,222,222,HTML,true,true,
peng-zhihui,peng-zhihui/CoolFormat,2019-01-03T05:20:32Z,51,51,C++,true,true,
peng-zhihui,peng-zhihui/KinoMotion,2017-11-21T16:39:27Z,48,48,C#,true,false,MIT License
peng-zhihui,peng-zhihui/arduino-boost,2017-05-17T06:28:34Z,54,54,C++,true,true,Boost Software License 1.0
peng-zhihui,peng-zhihui/CtrlAPP-Arduino,2017-03-23T06:20:58Z,72,72,C++,true,true,
peng-zhihui,peng-zhihui/Cheese-UESTC,2016-12-17T15:19:33Z,107,107,JavaScript,true,true,
peng-zhihui,peng-zhihui/InteractiveHtmlBom,2022-04-23T14:09:57Z,56,56,,true,true,MIT License
ruanyf,ruanyf/free-books,2019-08-19T08:24:38Z,14915,14915,,true,true,
ruanyf,ruanyf/document-style-guide,2016-10-12T11:49:56Z,11973,11973,,true,true,
ruanyf,ruanyf/jstraining,2016-10-27T12:00:26Z,19473,19473,,true,true,
ruanyf,ruanyf/articles,2015-10-26T09:12:54Z,953,953,Makefile,true,true,
ruanyf,ruanyf/es-checker,2015-06-29T11:02:58Z,1021,1021,JavaScript,true,true,
ruanyf,ruanyf/es6tutorial,2014-04-20T13:06:28Z,21242,21242,JavaScript,true,true,Other
ruanyf,ruanyf/loppo,2016-12-14T04:47:49Z,738,738,JavaScript,true,true,
ruanyf,ruanyf/jstutorial,2012-11-21T17:48:47Z,5415,5415,CSS,true,true,Other
ruanyf,ruanyf/blog-stylesheet,2019-10-11T17:46:46Z,15,15,CSS,true,true,
ruanyf,ruanyf/fortunes,2015-04-12T04:28:03Z,339,339,,true,true,
ruanyf,ruanyf/Google-Calendar-Lite,2012-09-19T15:45:19Z,40,40,CSS,true,true,
ruanyf,ruanyf/Formula-Online-Generator,2011-07-10T02:03:22Z,12,12,,true,true,
ruanyf,ruanyf/github-actions-demo,2019-09-11T01:31:45Z,136,136,JavaScript,true,true,
ruanyf,ruanyf/koa-demos,2017-08-04T03:40:01Z,486,486,,true,true,
ruanyf,ruanyf/koa-simple-server,2019-09-03T13:30:23Z,23,23,JavaScript,true,true,
ruanyf,ruanyf/book-computer-networks,2018-08-25T02:27:22Z,602,602,,true,true,
ruanyf,ruanyf/chrome-extension-demo,2018-09-28T09:29:36Z,304,304,JavaScript,true,true,
ruanyf,ruanyf/css-modules-demos,2016-06-03T15:10:33Z,397,397,JavaScript,true,true,
ruanyf,ruanyf/hnsummary,2023-09-08T09:12:13Z,4,4,JavaScript,true,false,
ruanyf,ruanyf/jekyll_demo,2012-08-25T05:18:39Z,22,22,,true,true,
ruanyf,ruanyf/flux-todomvc-demo,2015-08-20T10:33:32Z,50,50,CSS,true,true,
ruanyf,ruanyf/extremely-simple-flux-demo,2015-08-17T05:40:24Z,444,444,JavaScript,true,false,
ruanyf,ruanyf/dotfiles,2014-11-04T06:53:46Z,7,7,Shell,true,true,
ruanyf,ruanyf/hn,2020-03-09T06:14:07Z,27,27,JavaScript,true,true,
ruanyf,ruanyf/kindle_clippings_processor,2013-05-06T12:53:49Z,11,11,Python,true,true,
ruanyf,ruanyf/ditto,2014-04-20T12:04:33Z,7,7,JavaScript,true,true,
ruanyf,ruanyf/google-map,2014-07-11T12:23:13Z,5,5,,true,true,
ruanyf,ruanyf/eslint-plugin-ignoreuglify,2016-05-11T09:38:31Z,3,3,JavaScript,true,true,
ruanyf,ruanyf/loppo-theme-oceandeep,2016-12-08T04:37:33Z,13,13,JavaScript,true,true,
ruanyf,ruanyf/css-in-readme-like-wat,2020-12-09T01:32:34Z,3,3,,true,false,
phodal,phodal/aise,2024-07-01T05:42:34Z,85,85,,true,true,
phodal,phodal/architecture,2016-06-29T23:47:07Z,9,9,HTML,true,true,Creative Commons Zero v1.0 Universal
phodal,phodal/aigc,2023-06-22T13:42:41Z,1374,1374,Rust,true,false,
phodal,phodal/articles,2016-04-09T07:04:01Z,912,912,Makefile,false,false,Creative Commons Zero v1.0 Universal
phodal,phodal/aofe.code,2018-08-29T04:56:47Z,382,382,JavaScript,true,true,Other
phodal,phodal/ascode.ink,2020-03-21T07:36:45Z,93,93,,true,true,Mozilla Public License 2.0
phodal,phodal/adr,2017-11-22T02:02:30Z,262,262,TypeScript,true,true,MIT License
phodal,phodal/2md,2017-04-17T05:09:40Z,153,153,JavaScript,true,true,MIT License
phodal,phodal/awesome-hardware-cheatsheet,2017-08-30T01:45:55Z,15,15,,true,true,
phodal,phodal/aofe.images,2019-06-14T16:03:37Z,160,160,,true,true,
phodal,phodal/awesome-cloud-dev,2020-02-24T11:44:54Z,5,5,,true,true,
phodal,phodal/awesome-deepseek-coder,2023-12-20T13:13:04Z,0,0,,true,false,
phodal,phodal/app,2015-09-01T13:25:58Z,16,16,JavaScript,true,true,MIT License
phodal,phodal/arch-code,2016-07-02T01:45:06Z,0,0,Java,true,true,MIT License
phodal,phodal/awesome-home-automation,2017-08-27T09:29:34Z,0,0,,true,true,
phodal,phodal/arche,2018-01-02T13:34:33Z,15,15,Kotlin,true,true,Other
phodal,phodal/aofe,2018-10-26T02:11:58Z,2,2,JavaScript,true,true,MIT License
phodal,phodal/android-play,2017-12-23T09:11:47Z,2,2,Kotlin,true,true,MIT License
phodal,phodal/20k,2016-12-13T00:46:14Z,4,4,JavaScript,true,true,
phodal,phodal/app-test-demo,2018-10-14T06:56:25Z,1,1,,true,true,MIT License
phodal,phodal/advisory,2018-09-12T14:06:00Z,0,0,,true,true,GNU General Public License v3.0
phodal,phodal/anlog,2018-02-28T12:15:22Z,0,0,,true,true,MIT License
phodal,phodal/arche-webiew,2018-01-03T23:44:30Z,0,0,JavaScript,true,true,
phodal,phodal/adrdoc,2017-11-27T13:38:41Z,0,0,,true,true,
phodal,phodal/aligenie-demo,2017-08-09T23:40:42Z,1,1,,true,true,MIT License
phodal,phodal/1024-scripts,2017-10-23T13:00:45Z,1,1,JavaScript,true,true,
phodal,phodal/alexa-echo-wechat,2017-06-07T06:49:32Z,0,0,,true,true,MIT License
phodal,phodal/advanced-fe-code,2017-05-06T03:35:53Z,0,0,JavaScript,true,true,MIT License
phodal,phodal/answer,2017-02-25T01:06:41Z,0,0,,true,true,
phodal,phodal/AMA,2016-06-17T12:56:54Z,1,1,,true,true,MIT License
liyupi,liyupi/codefather,2021-04-20T14:12:13Z,5662,5662,Vue,true,true,
liyupi,liyupi/daxigua,2021-01-28T08:06:18Z,1374,1374,JavaScript,true,true,
liyupi,liyupi/code-nav,2021-01-09T15:41:25Z,2589,2589,JavaScript,true,true,MIT License
liyupi,liyupi/better-coder,2020-04-28T16:12:44Z,255,255,HTML,true,true,
liyupi,liyupi/ceshiya,2023-08-23T08:58:21Z,345,345,TypeScript,true,true,
liyupi,liyupi/coder-resume-guide,2024-07-03T04:14:52Z,57,57,,true,true,
liyupi,liyupi/code-xingqiu,2022-06-18T08:01:17Z,121,121,TypeScript,true,true,
liyupi,liyupi/father,2021-10-20T12:35:07Z,201,201,Java,true,true,MIT License
liyupi,liyupi/daily-good-code,2024-04-02T10:11:40Z,30,30,,true,true,
liyupi,liyupi/awesome-cloudbase,2021-05-20T12:25:30Z,34,34,,true,true,MIT License
liyupi,liyupi/Algorithm,2018-08-28T16:20:44Z,3,3,Java,true,true,
liyupi,liyupi/backend-interview,2020-01-09T06:23:58Z,24,24,,true,true,
liyupi,liyupi/algorithm-base,2021-04-25T03:29:30Z,50,50,Java,true,true,MIT License
liyupi,liyupi/awesome-java-books,2021-03-28T09:25:40Z,5,5,,true,true,
liyupi,liyupi/cloudbase-framework,2021-02-05T04:42:38Z,5,5,,true,false,Other
liyupi,liyupi/ChatGPT-Web,2023-03-19T04:47:45Z,41,41,Vue,true,true,MIT License
liyupi,liyupi/BI-Learning,2019-10-13T01:15:24Z,1,1,,true,true,
liyupi,liyupi/code-learning,2021-09-02T04:24:55Z,6,6,,true,true,MIT License
liyupi,liyupi/chinese-copywriting-guidelines,2022-02-05T15:13:49Z,5,5,,true,false,MIT License
liyupi,liyupi/Auto-GPT,2023-04-23T09:15:39Z,11,11,,true,true,MIT License
liyupi,liyupi/app-template,2021-01-21T11:13:40Z,1,1,,true,true,Apache License 2.0
liyupi,liyupi/Design-Model,2018-08-21T06:57:36Z,3,3,Java,true,true,
liyupi,liyupi/Es-Tutorial,2018-12-20T04:57:52Z,2,2,Java,true,true,
liyupi,liyupi/ant-design,2021-10-20T13:06:08Z,1,1,,true,true,MIT License
liyupi,liyupi/daxigua-tools,2021-02-01T11:36:42Z,11,11,Vue,true,true,
liyupi,liyupi/dumi,2021-01-19T03:25:40Z,0,0,,true,true,MIT License
liyupi,liyupi/code-master,2020-11-05T09:09:45Z,1,1,,true,true,MIT License
liyupi,liyupi/Eureka,2018-09-20T06:29:03Z,0,0,Java,true,true,
liyupi,liyupi/DHU-Walls,2018-08-21T15:11:36Z,0,0,Vue,true,true,
liyupi,liyupi/flappy-bird-CST-New-Media,2017-09-22T06:55:17Z,0,0,JavaScript,true,true,
stormzhang,stormzhang/android-interview-questions-cn,2017-07-20T12:01:58Z,3069,3069,,true,true,Apache License 2.0
stormzhang,stormzhang/stormzhang.github.com,2013-10-20T13:52:58Z,1138,1138,CSS,true,true,
stormzhang,stormzhang/free-programming-books,2014-01-17T02:52:55Z,877,877,,true,true,
stormzhang,stormzhang/9GAG,2014-04-16T04:47:23Z,2137,2137,Java,true,true,
stormzhang,stormzhang/slides,2016-04-13T08:07:12Z,86,86,HTML,true,true,MIT License
Ovilia,Ovilia/blog,2013-10-18T07:11:47Z,283,283,JavaScript,true,true,Other
Ovilia,Ovilia/cv,2014-10-02T01:11:13Z,623,623,HTML,true,true,MIT License
Ovilia,Ovilia/biangua,2014-08-10T04:45:29Z,166,166,CSS,true,true,
Ovilia,Ovilia/cezanne,2017-02-23T06:29:16Z,94,94,JavaScript,true,true,
Ovilia,Ovilia/2019-typography-calendar,2018-12-09T13:11:58Z,335,335,TypeScript,true,true,
Ovilia,Ovilia/April,2012-03-23T14:04:15Z,2,2,C++,true,true,
Ovilia,Ovilia/ECharts-Devtools,2019-03-20T06:25:56Z,11,11,JavaScript,true,true,MIT License
Ovilia,Ovilia/acasia-poster,2021-07-14T02:35:49Z,29,29,TypeScript,true,true,MIT License
Ovilia,Ovilia/echarts-miniBI,2020-08-21T03:20:34Z,1,1,,true,true,"BSD 2-Clause ""Simplified"" License"
Ovilia,Ovilia/echarts-robot-test,2018-11-15T03:13:05Z,3,3,,true,true,
Ovilia,Ovilia/acasia2021,2021-06-08T06:37:20Z,1,1,Python,true,true,
Ovilia,Ovilia/DefinitelyTyped,2021-04-15T09:17:17Z,1,1,,true,true,Other
Ovilia,Ovilia/echarts-boilerplate,2020-08-21T03:18:19Z,1,1,,true,true,MIT License
Ovilia,Ovilia/echarts-dagre,2020-08-21T03:13:23Z,1,1,,true,true,
Ovilia,Ovilia/echarts-for-react,2020-08-20T08:21:20Z,2,2,,true,false,MIT License
Ovilia,Ovilia/echarts-gl,2020-08-21T02:53:26Z,1,1,,true,true,"BSD 3-Clause ""New"" or ""Revised"" License"
Ovilia,Ovilia/echarts-graph-modularity,2020-08-21T03:05:18Z,1,1,,true,true,
Ovilia,Ovilia/ecomfe.github.io,2017-08-30T02:43:47Z,1,1,JavaScript,true,true,
Ovilia,Ovilia/echarts-with-ionics,2017-08-29T10:40:21Z,13,13,TypeScript,true,true,MIT License
Ovilia,Ovilia/coscon-echarts,2018-10-18T07:14:55Z,19,19,HTML,true,true,Apache License 2.0
Ovilia,Ovilia/buriji,2015-08-23T12:20:59Z,25,25,Swift,true,true,
Ovilia,Ovilia/arcalands,2013-04-17T02:25:29Z,3,3,JavaScript,true,true,
Ovilia,Ovilia/CrowdAnimation,2013-06-22T03:53:32Z,1,1,JavaScript,true,true,
Ovilia,Ovilia/DepthOfField,2013-01-04T05:55:05Z,2,2,JavaScript,true,true,MIT License
Ovilia,Ovilia/Dash-User-Contributions,2016-12-02T02:21:06Z,3,3,Python,true,true,
Ovilia,Ovilia/echarts,2015-06-12T08:56:21Z,2,2,JavaScript,true,true,"BSD 3-Clause ""New"" or ""Revised"" License"
Ovilia,Ovilia/ComputerAnimation,2013-05-02T15:05:37Z,0,0,JavaScript,true,true,
Ovilia,Ovilia/delaunay,2015-04-15T11:09:28Z,0,0,JavaScript,true,true,
Ovilia,Ovilia/boya-project,2015-03-13T01:42:03Z,0,0,JavaScript,true,false,
Ovilia,Ovilia/FishboneCollector,2012-08-22T10:31:00Z,0,0,JavaScript,true,true,MIT License
astaxie,astaxie/build-web-application-with-golang,2012-08-02T11:49:35Z,43281,43281,Go,true,true,"BSD 3-Clause ""New"" or ""Revised"" License"
astaxie,astaxie/bat,2015-04-07T12:20:08Z,2549,2549,Go,true,true,Apache License 2.0
astaxie,astaxie/beedb,2012-05-09T14:58:22Z,710,710,Go,true,true,
astaxie,astaxie/beego,2020-12-13T14:58:50Z,726,726,,true,true,Other
astaxie,astaxie/beeku,2012-07-19T16:29:06Z,97,97,Go,true,true,
astaxie,astaxie/cookbook,2016-09-23T05:48:55Z,12,12,,true,true,Apache License 2.0
astaxie,astaxie/beegae,2013-12-07T09:59:00Z,38,38,Go,true,true,Other
astaxie,astaxie/astaxie,2022-04-22T12:15:39Z,2,2,,true,true,
astaxie,astaxie/bee,2012-12-15T16:58:06Z,54,54,Go,true,true,
astaxie,astaxie/beepkg,2012-11-11T15:11:14Z,27,27,JavaScript,true,true,
astaxie,astaxie/docs,2013-11-21T03:14:02Z,27,27,Go,true,true,
astaxie,astaxie/docker-resources,2015-03-17T18:47:26Z,13,13,,true,true,GNU General Public License v3.0
astaxie,astaxie/docker-registry,2014-06-20T15:01:42Z,6,6,Go,true,true,MIT License
astaxie,astaxie/2014-talks,2014-04-28T02:22:35Z,4,4,CSS,true,true,Creative Commons Zero v1.0 Universal
astaxie,astaxie/delve,2017-04-28T12:58:16Z,1,1,Go,true,true,MIT License
astaxie,astaxie/blogs,2013-01-01T09:15:40Z,13,13,JavaScript,true,true,
astaxie,astaxie/A-Detailed-Cplusplus-Concurrency-Tutorial,2013-09-09T01:48:37Z,5,5,,true,true,MIT License
astaxie,astaxie/checkstyle,2014-05-21T08:33:53Z,2,2,Go,true,true,MIT License
astaxie,astaxie/docker_practice,2014-09-17T04:13:33Z,7,7,,true,true,
astaxie,astaxie/bbchat,2015-05-18T03:22:04Z,4,4,,true,true,
astaxie,astaxie/ezjson,2015-06-05T08:10:34Z,4,4,,true,true,Apache License 2.0
astaxie,astaxie/beco,2015-11-09T03:58:56Z,10,10,Go,true,true,Apache License 2.0
astaxie,astaxie/cedar-go,2015-12-22T14:43:42Z,2,2,Go,true,true,GNU General Public License v2.0
astaxie,astaxie/astaxie.github.io,2014-02-28T12:25:03Z,1,1,JavaScript,true,true,
astaxie,astaxie/cron,2013-11-17T12:40:14Z,9,9,Go,true,true,MIT License
astaxie,astaxie/beecms,2013-01-06T12:38:22Z,3,3,,true,true,
astaxie,astaxie/cygwin-auto-install,2015-12-23T02:34:36Z,1,1,Batchfile,true,true,
astaxie,astaxie/beego-mgo,2013-12-07T02:22:49Z,1,1,Go,true,true,Other
astaxie,astaxie/beegogae,2013-12-07T10:15:31Z,2,2,Go,true,true,
astaxie,astaxie/DevstackUp,2013-11-12T15:41:47Z,0,0,Ruby,true,true,
bailicangdu,bailicangdu/vue2-manage,2017-04-27T07:52:45Z,13455,13455,Vue,true,true,GNU General Public License v2.0
bailicangdu,bailicangdu/vue2-elm,2016-12-23T01:49:20Z,40972,40972,Vue,true,true,GNU General Public License v2.0
bailicangdu,bailicangdu/blog,2016-11-09T15:12:39Z,79,79,,true,true,
bailicangdu,bailicangdu/node-elm,2017-03-22T10:48:37Z,12318,12318,JavaScript,true,true,GNU General Public License v2.0
bailicangdu,bailicangdu/react-pxq,2016-11-07T03:30:29Z,7517,7517,JavaScript,true,true,MIT License
bailicangdu,bailicangdu/vue2-happyfri,2016-12-08T01:28:47Z,10473,10473,JavaScript,true,true,MIT License
bailicangdu,bailicangdu/native-xdm,2017-02-10T04:42:25Z,1056,1056,Dart,true,true,
bailicangdu,bailicangdu/simple-micro-app,2021-07-29T12:16:27Z,52,52,JavaScript,true,true,MIT License
bailicangdu,bailicangdu/node-weixin,2017-05-31T03:21:55Z,306,306,HTML,true,true,MIT License
bailicangdu,bailicangdu/micro-app,2021-07-20T12:15:21Z,3,3,TypeScript,true,true,MIT License
bailicangdu,bailicangdu/vue-weixin,2017-06-01T11:43:08Z,90,90,Vue,true,true,
bailicangdu,bailicangdu/vue-ssr,2018-11-07T12:03:49Z,4,4,JavaScript,true,true,
bailicangdu,bailicangdu/mock,2018-05-01T12:29:21Z,19,19,JavaScript,true,true,GNU General Public License v3.0
bailicangdu,bailicangdu/cangdu,2017-05-02T15:49:21Z,12,12,HTML,true,true,
bailicangdu,bailicangdu/node-blog,2018-11-16T08:10:10Z,5,5,JavaScript,true,true,
bailicangdu,bailicangdu/blog-manage,2018-11-16T08:58:48Z,15,15,,true,true,
bailicangdu,bailicangdu/node-fs,2019-01-13T05:49:07Z,55,55,JavaScript,true,true,
bailicangdu,bailicangdu/react-next-temp,2018-11-08T02:17:33Z,6,6,JavaScript,true,true,
bailicangdu,bailicangdu/web-index,2018-05-01T07:05:21Z,6,6,HTML,true,true,MIT License
bailicangdu,bailicangdu/zoe,2020-03-24T08:28:50Z,2,2,,true,true,
bailicangdu,bailicangdu/next-blog,2018-11-16T08:12:51Z,2,2,,true,true,
bailicangdu,bailicangdu/PHP-pro,2017-03-22T10:49:17Z,8,8,PHP,true,true,
PanJiaChen,PanJiaChen/electron-vue-admin,2017-07-14T08:08:27Z,3157,3157,JavaScript,true,true,
PanJiaChen,PanJiaChen/awesome-bookmarks,2018-05-22T10:33:45Z,1940,1940,JavaScript,true,true,Creative Commons Zero v1.0 Universal
PanJiaChen,PanJiaChen/custom-element-theme,2017-03-11T10:13:56Z,60,60,CSS,true,true,MIT License
PanJiaChen,PanJiaChen/ant-design,2020-07-28T06:27:31Z,6,6,,true,true,MIT License
PanJiaChen,PanJiaChen/es6tutorial,2019-06-11T16:14:53Z,23,23,JavaScript,true,true,Other
PanJiaChen,PanJiaChen/Front-end-Web-Development-Interview-Question,2014-10-29T13:27:34Z,14,14,,true,true,
PanJiaChen,PanJiaChen/ant-design-pro,2017-12-15T05:48:29Z,3,3,JavaScript,true,true,MIT License
PanJiaChen,PanJiaChen/get-markdown-images,2019-10-15T07:28:20Z,11,11,JavaScript,true,true,MIT License
PanJiaChen,PanJiaChen/awesome-vue,2018-05-11T02:47:16Z,7,7,,true,false,
PanJiaChen,PanJiaChen/demo-playground,2018-05-10T05:00:50Z,10,10,JavaScript,true,true,MIT License
PanJiaChen,PanJiaChen/countUp-demo,2017-04-16T12:41:17Z,20,20,JavaScript,true,true,
PanJiaChen,PanJiaChen/chunk-test,2018-07-23T06:47:03Z,2,2,Vue,true,true,
PanJiaChen,PanJiaChen/chunksSortMode-test,2018-07-31T04:25:24Z,1,1,Vue,true,true,
PanJiaChen,PanJiaChen/cos-nodejs,2018-05-16T03:21:43Z,6,6,JavaScript,true,true,MIT License
PanJiaChen,PanJiaChen/cssnano-test,2018-10-18T09:28:47Z,1,1,JavaScript,true,true,
PanJiaChen,PanJiaChen/learn-regex,2019-03-20T13:54:30Z,8,8,,true,true,MIT License
PanJiaChen,PanJiaChen/element,2017-12-13T07:16:50Z,5,5,Vue,true,true,MIT License
PanJiaChen,PanJiaChen/image-tags,2016-03-31T11:05:25Z,1,1,JavaScript,true,true,
PanJiaChen,PanJiaChen/color-2048,2014-11-03T12:47:19Z,1,1,JavaScript,true,true,
PanJiaChen,PanJiaChen/create-react-bolierplate,2016-08-12T14:57:38Z,1,1,JavaScript,true,true,
PanJiaChen,PanJiaChen/dayjs,2018-04-24T15:30:21Z,1,1,JavaScript,true,true,MIT License
PanJiaChen,PanJiaChen/chrome-extenstion-ToDoList,2015-05-27T07:23:30Z,1,1,JavaScript,true,true,
PanJiaChen,PanJiaChen/docsify,2017-10-30T07:20:44Z,0,0,JavaScript,true,false,MIT License
PanJiaChen,PanJiaChen/gh-polls,2018-03-30T08:08:28Z,0,0,Go,true,true,
PanJiaChen,PanJiaChen/gulpFast,2016-04-18T07:46:41Z,0,0,JavaScript,true,true,Other
PanJiaChen,PanJiaChen/F2E-accumulation,2015-11-15T07:58:00Z,0,0,,true,true,
PanJiaChen,PanJiaChen/crawler-weibo,2015-09-18T08:32:50Z,0,0,JavaScript,true,true,
PanJiaChen,PanJiaChen/FCharts,2015-09-11T08:04:41Z,0,0,JavaScript,true,true,
PanJiaChen,PanJiaChen/chose-language,2014-11-01T15:16:43Z,0,0,CSS,true,true,
PanJiaChen,PanJiaChen/Elastic-ball,2014-11-04T15:07:40Z,0,0,,true,true,
YunaiV,YunaiV/Blog,2017-01-02T12:27:57Z,2617,2617,,false,false,
YunaiV,YunaiV/books,2021-07-28T01:22:29Z,47,47,,true,true,
YunaiV,YunaiV/algorithm1024,2019-07-06T01:13:16Z,62,62,Java,true,true,
YunaiV,YunaiV/dubbo,2018-02-10T08:47:27Z,443,443,Java,true,true,Apache License 2.0
YunaiV,YunaiV/incubator-rocketmq,2017-03-24T17:37:23Z,366,366,Java,true,false,Apache License 2.0
YunaiV,YunaiV/awesome-java,2020-06-30T04:09:33Z,2,2,,true,true,Other
YunaiV,YunaiV/fastpay,2018-02-13T07:28:01Z,51,51,JavaScript,true,true,Apache License 2.0
YunaiV,YunaiV/architect-awesome,2018-05-11T18:10:09Z,53,53,,true,true,
YunaiV,YunaiV/im-server,2023-03-28T07:25:53Z,5,5,,true,true,Other
YunaiV,YunaiV/eureka,2017-09-18T12:40:28Z,205,205,Java,true,true,Apache License 2.0
YunaiV,YunaiV/Hystrix,2017-10-18T15:50:44Z,35,35,Java,true,true,
YunaiV,YunaiV/doraemon-entity,2018-01-11T13:26:28Z,35,35,Java,true,true,
YunaiV,YunaiV/apollo,2018-04-20T13:06:57Z,50,50,Java,true,true,Apache License 2.0
YunaiV,YunaiV/elastic-job,2017-08-11T15:56:51Z,100,100,Java,true,true,Apache License 2.0
YunaiV,YunaiV/Dockerfile,2017-01-07T14:28:59Z,14,14,Nginx,true,true,
YunaiV,YunaiV/distributed-seckill,2019-11-15T16:43:11Z,17,17,,true,true,
YunaiV,YunaiV/cffu,2023-04-12T01:56:55Z,1,1,,true,false,Apache License 2.0
YunaiV,YunaiV/blog-2,2021-06-22T17:04:40Z,2,2,,true,true,
YunaiV,YunaiV/demo-julia,2022-12-29T11:27:16Z,0,0,,true,true,"BSD 3-Clause ""New"" or ""Revised"" License"
YunaiV,YunaiV/GeekBook,2019-01-05T01:54:40Z,33,33,,true,true,
YunaiV,YunaiV/idea-plugins-demo,2021-12-16T09:54:25Z,1,1,Kotlin,true,true,
YunaiV,YunaiV/coder-intellij-template,2021-12-14T05:04:01Z,0,0,,true,true,
YunaiV,YunaiV/dts,2018-04-11T14:37:04Z,5,5,Java,true,true,Apache License 2.0
YunaiV,YunaiV/blog-1,2020-11-21T15:27:15Z,1,1,,true,true,
YunaiV,YunaiV/incubator-dubbo-ops,2018-04-15T12:04:27Z,3,3,Java,true,true,
YunaiV,YunaiV/incubator-dubbo-spring-boot-project,2019-02-12T08:10:11Z,12,12,Java,true,true,Apache License 2.0
YunaiV,YunaiV/incubator-servicecomb-java-chassis,2018-06-13T14:23:53Z,6,6,Java,true,true,Apache License 2.0
YunaiV,YunaiV/demo-config-server,2020-03-11T12:34:08Z,0,0,,true,true,
YunaiV,YunaiV/chinese-copywriting-guidelines,2018-12-21T13:27:41Z,7,7,CoffeeScript,true,false,Do What The F*ck You Want To Public License
YunaiV,YunaiV/images,2018-04-20T07:28:02Z,2,2,,true,true,
sofish,sofish/Alice,2012-02-13T04:02:04Z,592,592,JavaScript,true,true,
sofish,sofish/pen,2013-08-29T16:09:40Z,4803,4803,JavaScript,true,true,Other
sofish,sofish/everyday,2014-04-22T09:02:27Z,134,134,JavaScript,true,true,
sofish,sofish/imageXSS.js,2012-12-06T02:59:59Z,47,47,JavaScript,true,true,
sofish,sofish/express-guide,2012-07-01T07:55:51Z,362,362,,true,true,
sofish,sofish/essage,2013-09-27T14:06:44Z,187,187,JavaScript,true,true,Other
sofish,sofish/node-api-docs,2012-09-03T13:51:41Z,54,54,,true,true,
sofish,sofish/hire,2019-10-21T03:14:25Z,29,29,,true,true,
sofish,sofish/han,2012-10-04T13:43:39Z,200,200,JavaScript,true,true,MIT License
sofish,sofish/proportion.js,2015-04-23T09:21:08Z,41,41,HTML,true,true,
sofish,sofish/learn-js,2016-03-17T07:05:39Z,142,142,,true,true,
sofish,sofish/recorder.js,2012-12-13T13:42:26Z,29,29,JavaScript,true,true,
sofish,sofish/A-Poem-A-Day,2019-08-28T12:35:07Z,27,27,,true,true,
sofish,sofish/resize.js,2016-06-29T10:00:30Z,10,10,JavaScript,true,true,
sofish,sofish/idiomatic.js,2012-06-27T09:59:22Z,133,133,JavaScript,true,true,
sofish,sofish/log2json,2015-11-14T17:51:47Z,9,9,JavaScript,true,true,MIT License
sofish,sofish/performance.js,2013-01-04T08:06:06Z,46,46,JavaScript,true,true,
sofish,sofish/hasFlashPlayer.js,2013-01-31T02:23:32Z,1,1,JavaScript,true,true,
sofish,sofish/Enterprise-Registration-Data-of-Chinese-Mainland,2019-06-05T10:01:46Z,3,3,,true,true,
sofish,sofish/goyd,2017-04-11T10:40:48Z,6,6,Go,true,true,
sofish,sofish/mongoimport,2015-11-15T09:57:23Z,11,11,JavaScript,true,true,MIT License
sofish,sofish/nodebb-plugin-qiniu-file,2017-07-18T10:21:26Z,2,2,JavaScript,true,true,
sofish,sofish/gfwlist,2018-06-20T13:08:11Z,0,0,,true,true,GNU Lesser General Public License v2.1
sofish,sofish/log2mongo,2015-11-15T12:23:29Z,1,1,JavaScript,true,true,Other
sofish,sofish/Puerh,2014-05-15T02:27:38Z,8,8,CSS,true,true,
sofish,sofish/forecast-io-translations,2015-05-28T16:47:59Z,0,0,JavaScript,true,true,
sofish,sofish/mask.js,2013-02-02T08:15:20Z,3,3,JavaScript,true,true,
sofish,sofish/donuts,2015-09-09T09:04:01Z,1,1,JavaScript,true,true,
sofish,sofish/meleme,2014-06-13T09:50:35Z,0,0,JavaScript,true,true,
sofish,sofish/bx_suggest,2013-03-25T02:06:23Z,2,2,PHP,true,true,
dyc87112,dyc87112/HouseToLet,2013-01-26T15:57:06Z,7,7,JavaScript,true,true,
dyc87112,dyc87112/mini-pay,2023-08-05T14:29:11Z,14,14,JavaScript,true,false,
dyc87112,dyc87112/consul-distributed-lock,2017-04-18T15:28:36Z,48,48,Java,true,true,Apache License 2.0
dyc87112,dyc87112/free-programming-books-zh_CN,2016-08-29T01:33:29Z,167,167,JavaScript,true,false,GNU General Public License v3.0
dyc87112,dyc87112/didi-eureka-server,2017-08-03T14:53:07Z,41,41,Java,true,true,MIT License
dyc87112,dyc87112/giscus-didispace,2023-10-03T10:59:56Z,0,0,,true,true,
dyc87112,dyc87112/hexo-theme-icarus,2016-10-17T01:21:37Z,115,115,CSS,true,true,MIT License
dyc87112,dyc87112/chinese-independent-blogs,2021-12-02T08:38:38Z,5,5,,true,true,MIT License
dyc87112,dyc87112/chatgpt-web,2023-03-26T12:02:31Z,1,1,,true,true,MIT License
dyc87112,dyc87112/chatgpt-demo,2023-03-26T12:04:56Z,0,0,,true,true,MIT License
dyc87112,dyc87112/dyc87112,2021-12-01T02:57:56Z,1,1,,true,true,
dyc87112,dyc87112/apollo,2018-09-17T04:01:05Z,3,3,Java,true,true,Apache License 2.0
dyc87112,dyc87112/Aladdin,2019-05-08T06:24:54Z,0,0,,true,true,
dyc87112,dyc87112/Ghost,2017-05-11T00:35:21Z,1,1,JavaScript,true,true,MIT License
dyc87112,dyc87112/initializr,2018-04-04T09:23:19Z,1,1,Java,true,true,Apache License 2.0
dyc87112,dyc87112/json-online,2017-07-28T16:21:54Z,2,2,JavaScript,true,true,
dyc87112,dyc87112/dubbokeeper,2017-01-09T10:28:10Z,5,5,JavaScript,true,true,Apache License 2.0
dyc87112,dyc87112/kubernetes-basic,2017-04-13T14:26:02Z,8,8,Shell,true,true,
dyc87112,dyc87112/blog-comments,2018-03-30T00:26:29Z,5,5,,true,true,
dyc87112,dyc87112/nacos,2019-05-09T06:46:28Z,0,0,Java,true,true,Apache License 2.0
dyc87112,dyc87112/iview,2019-03-19T13:51:25Z,0,0,Vue,true,true,Other
dyc87112,dyc87112/jRegexTester,2017-07-29T15:13:54Z,1,1,JavaScript,true,true,
dyc87112,dyc87112/abixen-platform,2017-04-28T01:49:49Z,1,1,Java,true,true,GNU Lesser General Public License v2.1
dyc87112,dyc87112/feign,2017-08-17T04:36:27Z,1,1,Java,true,true,Apache License 2.0
dyc87112,dyc87112/articles-translator,2017-09-20T13:01:16Z,1,1,,true,true,MIT License
dyc87112,dyc87112/android-training-course-in-chinese,2017-10-08T03:28:31Z,1,1,JavaScript,true,true,Apache License 2.0
dyc87112,dyc87112/fastjson,2016-07-08T06:04:47Z,2,2,Java,true,true,Other
dyc87112,dyc87112/javatuples,2017-07-19T02:15:12Z,0,0,Java,true,false,Apache License 2.0
dyc87112,dyc87112/ff4j,2017-04-08T13:06:58Z,0,0,Java,true,true,
dyc87112,dyc87112/baimaozixun,2016-07-28T09:59:40Z,0,0,CSS,true,true,
skyzh,skyzh/canvas_grab,2020-03-01T11:19:02Z,211,211,Python,true,true,MIT License
skyzh,skyzh/core-os-riscv,2020-01-15T15:58:37Z,296,296,Rust,true,true,MIT License
skyzh,skyzh/chicv,2023-03-25T05:39:08Z,600,600,Typst,true,true,Creative Commons Zero v1.0 Universal
skyzh,skyzh/bustub-vectordb,2022-07-27T19:35:39Z,20,20,C++,true,true,MIT License
skyzh,skyzh/conway.metal,2018-08-05T13:45:13Z,1,1,Swift,true,true,MIT License
skyzh,skyzh/awesome-typst,2024-06-05T02:46:17Z,0,0,,true,false,Creative Commons Zero v1.0 Universal
skyzh,skyzh/BPlusTree,2019-05-24T05:40:25Z,12,12,C++,true,true,MIT License
skyzh,skyzh/bustub-web-shell,2022-09-28T23:05:40Z,18,18,HTML,true,true,MIT License
skyzh,skyzh/bustub-btree-shell,2022-10-07T20:31:35Z,1,1,,true,true,MIT License
skyzh,skyzh/calcite-bustub,2023-10-20T17:16:04Z,2,2,Java,true,true,
skyzh,skyzh/cuid-rust,2023-08-02T14:14:14Z,0,0,,true,true,MIT License
skyzh,skyzh/data-structure-deque,2020-02-17T06:05:24Z,5,5,C++,true,true,MIT License
skyzh,skyzh/cargo-semver-checks,2023-02-16T19:33:13Z,0,0,,true,true,Apache License 2.0
skyzh,skyzh/BlueMonitor,2017-05-28T11:56:39Z,1,1,Python,true,true,MIT License
skyzh,skyzh/BlueSense,2017-05-29T00:48:22Z,25,25,Vue,true,true,MIT License
skyzh,skyzh/dashmap,2022-03-23T02:17:36Z,1,1,,true,true,MIT License
skyzh,skyzh/chaos-video,2020-10-25T06:45:57Z,7,7,JavaScript,true,true,MIT License
skyzh,skyzh/cargo-llvm-cov,2022-03-17T14:29:42Z,0,0,,true,false,Apache License 2.0
skyzh,skyzh/client-rust,2022-03-20T04:38:36Z,0,0,,true,true,Apache License 2.0
skyzh,skyzh/bors-playground,2022-02-02T04:38:08Z,2,2,Rust,true,true,Apache License 2.0
skyzh,skyzh/databend,2022-01-25T14:38:00Z,0,0,,true,false,Apache License 2.0
skyzh,skyzh/CloudOJ,2015-07-07T12:18:09Z,4,4,PHP,true,true,Apache License 2.0
skyzh,skyzh/ddcm-protocol,2016-01-09T09:04:03Z,4,4,Python,true,true,"BSD 3-Clause ""New"" or ""Revised"" License"
skyzh,skyzh/BlueMarine,2017-08-03T09:17:21Z,2,2,Python,true,true,MIT License
skyzh,skyzh/badger,2020-11-10T05:20:59Z,0,0,Go,true,false,Apache License 2.0
skyzh,skyzh/db-bench-scripts,2020-08-28T07:26:36Z,0,0,Go,true,true,
skyzh,skyzh/agatedb,2020-09-30T02:40:46Z,0,0,,true,true,Apache License 2.0
skyzh,skyzh/BlueSensor,2017-05-28T11:54:18Z,0,0,C++,true,true,MIT License
skyzh,skyzh/CAHRR,2018-10-25T15:05:32Z,0,0,C++,true,true,MIT License
skyzh,skyzh/conway.ts,2018-08-02T13:45:04Z,1,1,TypeScript,true,true,The Unlicense
nihui,nihui/cain-ncnn-vulkan,2020-09-07T16:12:33Z,136,136,C,true,true,MIT License
nihui,nihui/3d-game-shaders-for-beginners,2024-08-16T02:56:13Z,8,8,,true,false,
nihui,nihui/chineseocr_lite,2020-08-20T09:28:13Z,7,7,,true,true,GNU General Public License v2.0
nihui,nihui/action-xmwk,2023-05-05T09:31:32Z,1,1,,true,true,
nihui,nihui/ChatWaifu_Mobile,2023-02-19T15:26:22Z,1,1,,true,true,MIT License
nihui,nihui/action-protobuf,2019-12-26T11:17:20Z,3,3,CMake,true,true,
nihui,nihui/cibuildwheel,2021-12-01T12:32:07Z,1,1,,true,false,Other
nihui,nihui/ailab,2022-02-28T03:29:22Z,1,1,,true,true,
nihui,nihui/bililive_dm,2021-01-31T15:14:48Z,1,1,C#,true,true,Do What The F*ck You Want To Public License
nihui,nihui/AI-application,2021-10-25T14:20:17Z,0,0,,true,true,
nihui,nihui/cam-ncnn-win,2022-11-16T06:38:05Z,0,0,,true,true,MIT License
nihui,nihui/automl,2021-05-19T09:15:55Z,0,0,Jupyter Notebook,true,true,Apache License 2.0
nihui,nihui/Dain-App,2020-12-03T00:13:29Z,3,3,,true,true,MIT License
nihui,nihui/caffe,2016-06-02T05:59:17Z,1,1,C++,true,true,Other
nihui,nihui/caffe-android-lib,2018-04-09T03:19:35Z,1,1,Jupyter Notebook,true,true,Other
nihui,nihui/Anakin,2018-05-29T08:15:57Z,2,2,C++,true,true,Apache License 2.0
nihui,nihui/caffe-int8-convert-tools,2018-07-19T12:57:29Z,3,3,Python,true,true,"BSD 3-Clause ""New"" or ""Revised"" License"
nihui,nihui/clnet,2018-11-21T08:47:40Z,6,6,C,true,true,Other
nihui,nihui/awesome-vulkan,2019-02-03T02:50:37Z,2,2,,true,true,
nihui,nihui/dabnn,2019-05-05T08:09:46Z,3,3,C++,true,true,Other
nihui,nihui/brocolli,2019-07-15T03:17:48Z,2,2,Python,true,true,
nihui,nihui/badge-matrix,2019-09-11T11:43:30Z,1,1,,true,true,MIT License
nihui,nihui/ckpt2ncnn,2019-08-26T10:54:55Z,5,5,Python,true,true,
nihui,nihui/bolt,2019-12-03T08:44:21Z,3,3,,true,true,MIT License
nihui,nihui/choqok-netease,2020-01-18T07:12:06Z,1,1,C++,true,true,
nihui,nihui/choqok-sina,2020-01-18T07:19:00Z,1,1,C++,true,true,
nihui,nihui/choqok-tencent,2020-01-18T07:20:00Z,1,1,C++,true,true,
nihui,nihui/CAIN,2020-09-08T15:25:20Z,1,1,,true,true,
nihui,nihui/CU1000-Neo,2022-04-01T08:23:51Z,0,0,,true,true,
nihui,nihui/Consolas,2019-02-04T10:03:40Z,0,0,,true,true,
oldratlee,oldratlee/kotlin-coroutines-bottom-up,2020-02-01T17:13:28Z,6,6,Kotlin,false,false,Apache License 2.0
oldratlee,oldratlee/land,2014-03-23T14:55:14Z,151,151,Java,false,false,Apache License 2.0
oldratlee,oldratlee/io-api,2013-02-16T13:18:29Z,61,61,Java,false,false,Apache License 2.0
oldratlee,oldratlee/Effective-IntelliJ-IDEA,2015-05-24T13:59:51Z,39,39,Java,true,false,
oldratlee,oldratlee/log4j2-ttl-thread-context-map,2015-07-10T18:27:06Z,87,87,Java,false,false,Apache License 2.0
oldratlee,oldratlee/java-compiler-demo,2013-03-05T07:48:30Z,13,13,Java,false,false,
oldratlee,oldratlee/fucking-java-concurrency,2014-06-15T11:03:52Z,1107,1107,Java,false,false,Apache License 2.0
oldratlee,oldratlee/HelloKt,2021-09-18T10:54:18Z,2,2,Kotlin,false,false,
oldratlee,oldratlee/hacker-quotes,2015-12-15T16:53:58Z,93,93,Shell,false,false,
oldratlee,oldratlee/leetcode,2013-10-06T10:01:16Z,8,8,Java,true,true,
oldratlee,oldratlee/cats-playground,2021-05-24T05:33:07Z,1,1,Scala,false,false,
oldratlee,oldratlee/deep-learning-math,2021-05-05T18:01:29Z,25,25,,false,false,
oldratlee,oldratlee/erlang-practice,2016-09-29T18:09:41Z,15,15,,true,true,
oldratlee,oldratlee/javassist,2023-12-22T11:13:58Z,0,0,Java,true,true,Other
oldratlee,oldratlee/big-data-study,2015-07-13T15:22:09Z,148,148,,true,true,
oldratlee,oldratlee/java-modern-tech-practice,2018-08-28T11:10:31Z,47,47,Java,false,false,
oldratlee,oldratlee/intellij-postfix-templates,2021-03-18T01:52:15Z,1,1,,true,true,
oldratlee,oldratlee/awesome-command-line-env,2016-01-18T13:46:53Z,4,4,,true,true,
oldratlee,oldratlee/java-tips,2015-06-08T14:18:06Z,2,2,Java,true,true,
oldratlee,oldratlee/lifelong-learning,2014-03-05T10:42:17Z,18,18,,false,false,
oldratlee,oldratlee/bash-string-escape,2013-08-03T08:40:52Z,4,4,Java,true,true,
oldratlee,oldratlee/data-science-practice,2019-09-02T12:07:09Z,27,27,Jupyter Notebook,true,true,
oldratlee,oldratlee/HIT-OSLab,2022-06-11T16:12:09Z,2,2,,true,true,
oldratlee,oldratlee/akka-quickstart-scala,2022-11-01T05:18:56Z,1,1,Batchfile,true,true,
oldratlee,oldratlee/doulist-wrong-counter-analysis,2019-10-23T06:02:28Z,2,2,Jupyter Notebook,true,true,
oldratlee,oldratlee/homebrew-core,2021-11-01T13:57:15Z,1,1,Ruby,true,false,"BSD 2-Clause ""Simplified"" License"
oldratlee,oldratlee/do-btrace,2013-11-17T06:51:02Z,1,1,Java,true,false,
oldratlee,oldratlee/ios-push-notifications-demo,2016-02-04T10:32:33Z,4,4,Objective-C,true,true,
oldratlee,oldratlee/ios-study-materials,2015-01-12T13:21:53Z,14,14,,true,true,
oldratlee,oldratlee/main-runner,2013-05-29T06:52:00Z,8,8,Shell,true,true,
xufei,xufei/blog,2013-11-17T02:18:26Z,6669,6669,,true,true,
xufei,xufei/Make-Your-Own-AngularJS,2013-11-12T06:16:29Z,393,393,,true,true,
xufei,xufei/chess,2015-08-30T11:29:57Z,19,19,JavaScript,true,true,
xufei,xufei/febook,2014-04-22T12:06:04Z,47,47,,true,true,
xufei,xufei/ng-control,2014-05-05T09:26:43Z,143,143,JavaScript,true,true,
xufei,xufei/dva-example-user-dashboard,2017-03-31T01:21:35Z,7,7,JavaScript,true,true,
xufei,xufei/ng-demo,2015-01-19T12:05:17Z,17,17,HTML,true,false,
xufei,xufei/remesh,2022-03-29T08:04:04Z,0,0,,true,true,MIT License
xufei,xufei/farrow,2020-12-19T02:23:02Z,0,0,,true,true,MIT License
xufei,xufei/ng-tutor,2015-01-06T11:32:55Z,34,34,JavaScript,true,true,
xufei,xufei/ng1-portal,2014-01-05T05:50:13Z,7,7,HTML,true,true,
xufei,xufei/ng1-ant,2015-09-14T01:45:17Z,15,15,JavaScript,true,true,MIT License
xufei,xufei/ng-chess,2014-10-14T12:27:52Z,4,4,JavaScript,true,true,
xufei,xufei/simple-controls,2013-06-02T02:52:52Z,2,2,JavaScript,true,true,
xufei,xufei/ng1-calendar,2015-08-31T06:49:28Z,5,5,JavaScript,true,true,
xufei,xufei/rxjs-tracer,2016-10-26T01:57:55Z,5,5,TypeScript,true,true,MIT License
xufei,xufei/build-modern-web-app,2016-04-06T03:09:59Z,6,6,,true,true,
xufei,xufei/dva,2017-02-09T01:05:18Z,0,0,JavaScript,true,true,MIT License
xufei,xufei/dva-cli,2017-01-24T07:34:56Z,0,0,JavaScript,true,true,
xufei,xufei/dva-boilerplate-typescript,2017-01-24T06:37:27Z,0,0,TypeScript,true,true,
xufei,xufei/ng-admin-lte,2016-01-14T09:21:37Z,4,4,HTML,true,true,MIT License
xufei,xufei/future,2014-06-23T01:21:16Z,5,5,JavaScript,true,true,MIT License
xufei,xufei/ng1-charts,2015-09-09T07:14:59Z,1,1,HTML,true,true,MIT License
xufei,xufei/chart,2015-09-09T01:11:21Z,0,0,JavaScript,true,true,MIT License
xufei,xufei/ng2-calendar,2015-10-27T02:34:33Z,0,0,JavaScript,true,true,MIT License
xufei,xufei/ng1-chess,2015-09-01T11:38:46Z,1,1,HTML,true,true,MIT License
xufei,xufei/calendar,2015-08-30T11:26:29Z,1,1,JavaScript,true,true,
xufei,xufei/riot-bootstrap,2015-02-16T02:32:51Z,0,0,JavaScript,true,true,
xufei,xufei/ng-flow,2014-12-02T12:03:16Z,0,0,JavaScript,true,true,
xufei,xufei/ng-charts,2013-12-15T08:51:17Z,0,0,JavaScript,true,true,
amusi,amusi/AI-Job-Notes,2019-02-11T11:37:17Z,5227,5227,,true,true,
amusi,amusi/AI-Job-Resume,2019-02-24T14:50:25Z,571,571,,true,true,
amusi,amusi/awesome-lane-detection,2018-12-26T08:08:05Z,2919,2919,,true,true,
amusi,amusi/Amusi-Note,2018-05-23T14:18:55Z,22,22,,true,true,
amusi,amusi/awesome-object-detection,2018-04-06T15:58:50Z,7401,7401,,true,true,
amusi,amusi/awesome-ai-awesomeness,2019-01-03T06:55:35Z,841,841,,true,true,
amusi,amusi/AI-Job-Recommend,2019-01-22T09:23:19Z,753,753,,true,true,
amusi,amusi/awesome-data-label-tools,2019-08-17T16:36:39Z,50,50,,true,true,
amusi,amusi/awesome-image-stitching,2017-08-30T12:16:01Z,89,89,,true,true,
amusi,amusi/awesome-semantic-segmentation,2018-06-06T11:42:39Z,12,12,,true,true,
amusi,amusi/AI-Resources,2018-12-04T08:36:57Z,10,10,,true,true,
amusi,amusi/amusi,2020-12-12T11:47:40Z,2,2,,true,true,
amusi,amusi/amusi.github.io,2017-06-22T13:42:43Z,1,1,HTML,true,true,
amusi,amusi/awesome-cpp,2017-10-27T02:18:30Z,3,3,,true,false,Other
amusi,amusi/awesome-computer-vision,2017-10-27T01:47:14Z,3,3,,true,true,
amusi,amusi/awesome-machine-learning,2017-10-27T01:53:03Z,3,3,Python,true,true,Creative Commons Zero v1.0 Universal
amusi,amusi/awesome-deep-vision,2017-10-27T01:51:11Z,3,3,,true,true,
amusi,amusi/algorithms,2017-08-17T17:49:19Z,1,1,Python,true,true,MIT License
amusi,amusi/Awesome-Scene-Text-Recognition,2017-08-28T05:39:38Z,3,3,,true,true,
amusi,amusi/AANAP,2017-11-12T12:22:39Z,1,1,Matlab,true,true,MIT License
amusi,amusi/awesome-awesomeness,2017-10-27T02:17:34Z,1,1,Ruby,true,false,
amusi,amusi/awesome-python,2017-10-27T02:22:02Z,2,2,Python,true,false,Other
amusi,amusi/awesome-image-stitching-code,2016-12-28T11:21:14Z,2,2,C++,true,true,
amusi,amusi/amusi-images-temp,2018-05-15T11:58:47Z,0,0,,true,true,
amusi,amusi/ANAP,2017-11-12T13:20:34Z,0,0,Matlab,true,true,
amusi,amusi/Attention-OCR,2017-08-28T06:22:42Z,0,0,Python,true,true,MIT License
amusi,amusi/500lines,2017-08-07T11:40:00Z,0,0,JavaScript,true,true,Other
amusi,amusi/BA_Matlab,2017-08-04T12:35:22Z,0,0,C++,true,true,
amusi,amusi/AsProjectiveAsPossible,2017-07-28T08:54:20Z,0,0,C++,true,true,
amusi,amusi/arap,2017-07-28T02:35:13Z,0,0,C,true,true,
TommyZihao,TommyZihao/ChatMarx,2023-07-16T11:24:37Z,233,233,,true,true,
TommyZihao,TommyZihao/ChatTTS_Tutorials,2024-06-12T09:22:30Z,111,111,Jupyter Notebook,true,true,
TommyZihao,TommyZihao/EasyLung,2019-12-16T10:15:04Z,91,91,,true,true,
TommyZihao,TommyZihao/CyberDog2_Tutorials,2023-11-25T02:42:42Z,22,22,,true,true,
TommyZihao,TommyZihao/CAM,2022-09-13T14:00:31Z,1,1,MATLAB,true,true,MIT License
TommyZihao,TommyZihao/Awesome,2023-07-07T01:17:11Z,373,373,,true,true,
TommyZihao,TommyZihao/EasyFarming,2019-12-16T09:55:23Z,104,104,,true,true,
TommyZihao,TommyZihao/coze_copilot,2024-09-11T04:23:36Z,9,9,,true,true,
TommyZihao,TommyZihao/aidlux_tutorial,2023-06-25T09:06:02Z,46,46,Jupyter Notebook,true,true,
TommyZihao,TommyZihao/EasyHanzi,2019-12-16T10:29:13Z,110,110,JavaScript,true,true,
TommyZihao,TommyZihao/Awesome-ChatTTS,2024-06-15T14:48:33Z,0,0,Jupyter Notebook,true,true,Other
TommyZihao,TommyZihao/folium_tutorials,2022-05-03T08:52:34Z,81,81,HTML,true,true,
TommyZihao,TommyZihao/easy-railway,2021-01-05T09:15:04Z,18,18,,true,true,MIT License
TommyZihao,TommyZihao/embedchain,2023-07-08T03:49:21Z,0,0,Python,true,false,Apache License 2.0
TommyZihao,TommyZihao/corning,2019-04-04T03:49:15Z,2,2,,true,true,Apache License 2.0
TommyZihao,TommyZihao/Amazon_Bedrock_Tutorials,2024-01-01T10:26:27Z,4,4,Jupyter Notebook,true,true,
TommyZihao,TommyZihao/Captum_Tutorials,2022-07-10T12:40:24Z,4,4,Jupyter Notebook,true,true,
TommyZihao,TommyZihao/Easy-trail,2020-01-15T15:06:35Z,4,4,,true,true,
TommyZihao,TommyZihao/community-showcase,2023-07-08T14:35:08Z,1,1,,true,true,
TommyZihao,TommyZihao/fast-style-transfer,2020-02-28T13:09:35Z,3,3,Python,true,true,
TommyZihao,TommyZihao/deepwalk,2022-06-28T14:02:01Z,1,1,,true,true,Other
TommyZihao,TommyZihao/ai-edu,2020-07-07T07:35:13Z,2,2,HTML,true,true,Other
TommyZihao,TommyZihao/ganlab,2022-04-27T05:16:10Z,0,0,,true,true,Apache License 2.0
TommyZihao,TommyZihao/-,2018-10-02T17:51:13Z,2,2,,true,true,GNU General Public License v3.0
TommyZihao,TommyZihao/Code-Story-Interview-,2021-01-13T15:49:29Z,1,1,,true,true,
TommyZihao,TommyZihao/azure-sdk-for-python,2020-08-04T09:27:04Z,0,0,,true,true,MIT License
TommyZihao,TommyZihao/cn-wechat-weather,2019-07-21T14:31:57Z,0,0,JavaScript,true,true,
TommyZihao,TommyZihao/docsify,2019-03-23T13:53:16Z,0,0,JavaScript,true,false,MIT License
TommyZihao,TommyZihao/11railway,2019-03-06T16:58:22Z,0,0,,true,true,
TommyZihao,TommyZihao/FRILLER,2018-10-05T17:36:03Z,0,0,Java,true,true,Apache License 2.0
xuxueli,xuxueli/xxl-job,2015-11-28T12:59:34Z,27564,27564,Java,true,true,GNU General Public License v3.0
xuxueli,xuxueli/xxl-crawler,2017-10-17T03:39:46Z,687,687,Java,true,true,Apache License 2.0
xuxueli,xuxueli/xxl-api,2017-03-29T09:49:31Z,891,891,Java,true,true,GNU General Public License v3.0
xuxueli,xuxueli/xxl-sso,2018-03-22T14:28:04Z,1935,1935,Java,true,true,GNU General Public License v3.0
xuxueli,xuxueli/xxl-deep,2018-05-02T11:27:25Z,282,282,Java,true,true,GNU General Public License v3.0
xuxueli,xuxueli/xxl-rpc,2015-11-13T11:32:11Z,621,621,Java,true,true,Apache License 2.0
xuxueli,xuxueli/xxl-mq,2015-10-22T15:31:49Z,439,439,Java,true,true,GNU General Public License v3.0
xuxueli,xuxueli/xxl-tool,2017-09-12T02:51:27Z,353,353,Java,true,true,Apache License 2.0
xuxueli,xuxueli/xuxueli.github.io,2015-04-29T04:38:25Z,36,36,HTML,true,true,GNU General Public License v3.0
xuxueli,xuxueli/xxl-conf,2015-11-13T14:30:55Z,666,666,Java,true,true,GNU General Public License v3.0
xuxueli,xuxueli/xxl-cache,2016-08-12T13:22:50Z,196,196,Java,true,true,GNU General Public License v3.0
xuxueli,xuxueli/xxl-incubator,2016-06-22T13:36:43Z,13,13,Java,true,true,GNU General Public License v3.0
wx-chevalier,wx-chevalier/Awesome-Books-Notes,2017-11-06T12:42:33Z,1929,1929,HTML,true,true,Other
wx-chevalier,wx-chevalier/Cloud-Notes,2019-09-30T05:25:32Z,120,120,HTML,true,true,Other
wx-chevalier,wx-chevalier/CrossBorder-Notes,2023-11-06T09:06:03Z,24,24,HTML,true,true,Other
wx-chevalier,wx-chevalier/Awesome-Tools,2024-08-10T04:14:56Z,3,3,HTML,true,true,Other
wx-chevalier,wx-chevalier/Auth-Notes,2024-09-20T07:07:09Z,27,27,HTML,true,true,Other
wx-chevalier,wx-chevalier/Clojure-Notes,2024-05-04T12:46:33Z,2,2,HTML,true,true,Other
wx-chevalier,wx-chevalier/CS-Notes,2016-02-06T09:45:38Z,689,689,C,true,true,Other
wx-chevalier,wx-chevalier/CPP-Notes,2019-08-14T09:40:47Z,92,92,C++,true,true,
wx-chevalier,wx-chevalier/Awesome-Lists-and-CheatSheets,2018-02-02T13:33:05Z,623,623,Python,true,true,Other
wx-chevalier,wx-chevalier/CG-Notes,2020-11-05T06:20:08Z,53,53,HTML,true,true,Other
wx-chevalier,wx-chevalier/AI-Notes,2016-01-26T06:14:46Z,757,757,Jupyter Notebook,true,true,Other
wx-chevalier,wx-chevalier/Awesome-Methodologies,2018-02-02T13:35:58Z,587,587,HTML,true,true,Other
wx-chevalier,wx-chevalier/Concurrent-Notes,2020-03-26T01:51:11Z,39,39,Java,true,true,Other
wx-chevalier,wx-chevalier/Awesome-RoadMaps-and-Interviews,2019-08-14T09:41:24Z,131,131,HTML,true,true,Other
wx-chevalier,wx-chevalier/Awesome-Commands-and-Scripts,2024-09-18T03:11:42Z,2,2,Shell,true,true,Other
wx-chevalier,wx-chevalier/Awesome-System-CaseStudies,2024-05-05T03:16:29Z,17,17,HTML,true,true,Other
wx-chevalier,wx-chevalier/Awesome-Coding-Philosophy,2024-09-05T08:15:47Z,7,7,HTML,true,true,Other
wx-chevalier,wx-chevalier/AI-Toolkits-Notes,2020-08-07T04:47:58Z,6,6,Jupyter Notebook,true,true,Other
wx-chevalier,wx-chevalier/3DP-Notes,2023-08-21T02:44:16Z,2,2,HTML,true,true,Other
wx-chevalier,wx-chevalier/CMake-Notes,2023-07-19T03:38:19Z,7,7,C++,true,true,
wx-chevalier,wx-chevalier/Algorithm-Notes,2020-01-21T06:15:29Z,11,11,C,true,true,Creative Commons Zero v1.0 Universal
wx-chevalier,wx-chevalier/cpp-examples,2022-10-16T07:24:22Z,3,3,C++,true,true,MIT License
wx-chevalier,wx-chevalier/coding-examples,2018-02-03T09:33:19Z,60,60,Rust,true,true,MIT License
wx-chevalier,wx-chevalier/3d-aigc-examples,2020-06-13T13:42:55Z,12,12,Jupyter Notebook,true,true,MIT License
wx-chevalier,wx-chevalier/ai-tensorflow-image-search,2020-01-16T03:44:11Z,5,5,Python,true,true,MIT License
wx-chevalier,wx-chevalier/algorithm-examples,2018-09-19T06:55:48Z,34,34,C++,true,true,
wx-chevalier,wx-chevalier/clojure-examples,2023-04-17T08:08:48Z,1,1,Clojure,true,true,MIT License
wx-chevalier,wx-chevalier/ai-marvis,2020-03-03T08:54:19Z,7,7,,true,true,MIT License
wx-chevalier,wx-chevalier/ai-models,2017-06-14T08:22:39Z,19,19,Jupyter Notebook,true,true,MIT License
wx-chevalier,wx-chevalier/cg-cv-examples,2023-01-04T06:41:50Z,2,2,C++,true,true,MIT License
krahets,krahets/hello-algo,2022-11-04T11:08:34Z,97683,97683,Java,true,false,Other
krahets,krahets/LeetCode-Book,2021-12-17T14:16:02Z,6213,6213,Java,true,true,Other
krahets,krahets/awesome-mvs,2022-02-11T18:01:17Z,246,246,,true,true,MIT License
krahets,krahets/EasyVolcap,2024-09-26T19:10:24Z,0,0,Python,true,false,Other
krahets,krahets/CodingSolution,2019-06-13T03:51:00Z,66,66,Python,true,true,MIT License
krahets,krahets/MVHumanNet,2024-09-05T15:04:44Z,0,0,,true,false,Other
krahets,krahets/diffusers,2023-12-18T07:47:01Z,1,1,,true,true,Apache License 2.0
krahets,krahets/objaverse-xl,2023-09-19T08:42:19Z,1,1,,true,true,Apache License 2.0
krahets,krahets/generative-models,2023-12-12T11:55:27Z,0,0,,true,true,MIT License
krahets,krahets/nerfstudio,2023-03-24T10:02:03Z,0,0,Python,true,false,Apache License 2.0
teddysun,teddysun/across,2015-03-27T04:08:49Z,4998,4998,Shell,true,true,Apache License 2.0
teddysun,teddysun/shadowsocks_install,2014-02-16T04:22:53Z,8098,8098,Shell,true,true,
teddysun,teddysun/lamp,2013-10-29T08:24:17Z,2876,2876,Shell,true,true,GNU General Public License v3.0
teddysun,teddysun/xray-plugin,2021-02-19T06:17:11Z,356,356,Go,true,true,MIT License
teddysun,teddysun/lcmp,2014-06-10T05:21:10Z,202,202,Shell,true,true,GNU General Public License v3.0
teddysun,teddysun/v2ray-plugin-android,2020-07-03T11:15:02Z,76,76,Kotlin,true,true,GNU General Public License v3.0
teddysun,teddysun/xray-plugin-android,2021-02-20T03:50:31Z,126,126,Kotlin,true,true,GNU General Public License v3.0
teddysun,teddysun/v2ray-plugin,2020-02-17T08:31:37Z,203,203,Go,true,true,MIT License
hellokaton,hellokaton/30-seconds-of-java8,2018-01-30T13:02:27Z,2379,2379,Java,true,true,Creative Commons Zero v1.0 Universal
hellokaton,hellokaton/code-fonts,2018-07-26T15:49:00Z,66,66,PHP,false,false,
hellokaton,hellokaton/elves,2018-01-11T13:41:16Z,318,318,Java,false,false,MIT License
hellokaton,hellokaton/excel-plus,2018-02-04T09:48:27Z,192,192,Java,false,false,Apache License 2.0
hellokaton,hellokaton/gorm-paginator,2018-05-15T06:42:06Z,154,154,Go,true,true,MIT License
hellokaton,hellokaton/anima,2018-03-12T11:06:33Z,228,228,Java,false,true,Apache License 2.0
hellokaton,hellokaton/goinx,2017-11-06T14:08:03Z,27,27,Go,true,true,GNU General Public License v3.0
hellokaton,hellokaton/gitmoji,2017-11-13T10:11:24Z,45,45,CSS,true,true,MIT License
hellokaton,hellokaton/agon,2017-04-03T14:31:10Z,12,12,Go,true,true,Apache License 2.0
hellokaton,hellokaton/gitmoji-plugin,2017-12-30T16:21:01Z,112,112,Kotlin,false,false,MIT License
hellokaton,hellokaton/freechat,2017-03-18T16:09:55Z,29,29,CSS,true,true,
hellokaton,hellokaton/findor,2018-03-05T08:15:27Z,2,2,,true,true,"BSD 3-Clause ""New"" or ""Revised"" License"
hellokaton,hellokaton/AI-For-Beginners,2023-11-20T01:31:58Z,0,0,,true,true,MIT License
hellokaton,hellokaton/generative-ai-for-beginners,2023-11-20T01:29:40Z,0,0,,true,false,MIT License
hellokaton,hellokaton/emojis,2016-04-20T01:45:15Z,8,8,,true,true,Other
hellokaton,hellokaton/fastapi-tutorial,2021-11-22T10:20:49Z,5,5,Python,true,true,MIT License
hellokaton,hellokaton/go-examples,2017-04-02T13:40:21Z,16,16,Go,true,true,
hellokaton,hellokaton/BILIBILI-HELPER,2021-02-22T17:12:08Z,1,1,Java,true,true,MIT License
hellokaton,hellokaton/dbkit,2017-09-13T03:03:31Z,10,10,Go,true,true,MIT License
hellokaton,hellokaton/bye-2017,2017-12-11T09:25:09Z,19,19,CSS,false,false,
hellokaton,hellokaton/FrameworkBenchmarks,2022-05-10T02:55:26Z,0,0,Java,true,true,Other
hellokaton,hellokaton/blade-lattice,2018-06-04T08:45:12Z,9,9,Java,true,true,MIT License
hellokaton,hellokaton/geekbb,2018-04-07T08:41:43Z,26,26,JavaScript,true,true,MIT License
hellokaton,hellokaton/gow,2017-04-05T13:08:25Z,5,5,Go,true,true,Apache License 2.0
hellokaton,hellokaton/eve,2018-04-23T10:07:52Z,13,13,Go,true,true,MIT License
hellokaton,hellokaton/blog,2018-10-23T01:38:18Z,16,16,SCSS,false,false,MIT License
hellokaton,hellokaton/blade-cli,2017-10-13T09:19:15Z,13,13,Go,true,true,MIT License
hellokaton,hellokaton/bar,2017-09-04T12:36:09Z,3,3,Go,true,true,Apache License 2.0
hellokaton,hellokaton/clojure-todo-list,2018-12-16T15:26:58Z,1,1,Clojure,false,false,MIT License
hellokaton,hellokaton/gow-demos,2017-04-08T17:24:16Z,0,0,,true,true,MIT License
espressif,espressif/arduino-esp32,2016-10-06T06:04:20Z,13531,13531,C++,true,true,GNU Lesser General Public License v2.1
espressif,espressif/crosstool-NG,2016-08-19T06:13:15Z,120,120,Shell,true,true,Other
espressif,espressif/developer-portal,2024-02-08T09:26:09Z,9,9,CSS,false,false,MIT License
espressif,espressif/doxybook,2022-10-21T07:22:51Z,4,4,Python,true,true,Other
espressif,espressif/esp-adf,2018-04-02T07:03:49Z,1548,1548,C,true,true,Other
espressif,espressif/esp-adf-libs,2018-04-02T07:04:20Z,58,58,C,true,true,
espressif,espressif/blowfish,2024-05-28T07:34:57Z,1,1,HTML,true,true,MIT License
espressif,espressif/book-esp32c3-iot-projects,2022-08-10T09:01:12Z,100,100,Swift,true,true,
espressif,espressif/cz-plugin-espressif,2024-08-31T01:40:07Z,1,1,Python,true,true,Other
espressif,espressif/connectedhomeip,2021-06-14T20:22:14Z,29,29,C++,true,true,Apache License 2.0
espressif,espressif/dependency-driven-ci-action,2024-10-03T09:34:11Z,0,0,Python,true,true,Apache License 2.0
espressif,espressif/conventional-precommit-linter,2023-06-08T06:56:48Z,10,10,Python,false,false,Apache License 2.0
espressif,espressif/.github,2022-04-21T10:28:27Z,5,5,,true,true,
espressif,espressif/clang-tidy-runner,2021-11-03T10:26:23Z,9,9,Python,true,true,MIT License
espressif,espressif/astyle_py,2022-09-16T14:04:03Z,1,1,Python,true,true,Other
espressif,espressif/check-copyright,2022-06-16T07:52:13Z,9,9,Python,false,false,Apache License 2.0
espressif,espressif/binutils-gdb,2018-07-09T05:46:27Z,11,11,C,true,false,GNU General Public License v2.0
espressif,espressif/Arduino-FOC,2023-07-10T06:08:35Z,8,8,,true,true,MIT License
espressif,espressif/esp-ali-smartliving,2020-05-29T07:54:10Z,79,79,C,true,true,
espressif,espressif/aws-iot-device-sdk-embedded-C,2017-03-13T09:20:47Z,47,47,C,true,false,MIT License
espressif,espressif/actions-internal-test,2019-02-18T06:55:35Z,0,0,,true,true,
espressif,espressif/blockdiag,2024-05-06T07:56:16Z,0,0,Python,true,true,Apache License 2.0
espressif,espressif/asio,2018-07-20T01:37:01Z,7,7,C++,true,true,
espressif,espressif/Adafruit-GFX-Library,2017-02-20T22:42:25Z,10,10,C,true,true,Other
espressif,espressif/clang-xtensa,2019-02-13T07:02:03Z,61,61,C++,true,false,Other
espressif,espressif/binutils-esp32ulp,2017-01-24T14:45:19Z,46,46,C,true,true,GNU General Public License v2.0
espressif,espressif/eclipse-plugin-esp32,2018-10-25T09:34:59Z,8,8,C,true,false,Eclipse Public License 1.0
espressif,espressif/esp-afr-sdk,2020-03-03T13:12:45Z,16,16,C,false,false,Apache License 2.0
espressif,espressif/docker-hub-issue-test,2022-05-17T13:31:56Z,1,1,,true,true,
espressif,espressif/aws-quickconnect,2021-11-08T07:04:20Z,1,1,C,true,true,MIT License
madeye,madeye/proxydroid,2012-01-27T07:20:07Z,2246,2246,C,true,false,
madeye,madeye/BaoLianDeng,2015-08-21T23:44:52Z,259,259,Java,true,false,GNU General Public License v3.0
madeye,madeye/deblur,2011-10-24T11:32:14Z,35,35,C,true,true,
madeye,madeye/forwardproxy,2020-11-27T02:43:04Z,2,2,Go,true,false,Apache License 2.0
madeye,madeye/gaeproxy,2011-02-20T05:09:06Z,801,801,C,true,true,GNU General Public License v3.0
madeye,madeye/shadowsocks-libev,2017-03-17T14:00:48Z,227,227,C,true,true,GNU General Public License v3.0
madeye,madeye/obfs4-tunnel,2016-07-28T07:17:58Z,51,51,Go,true,true,Other
madeye,madeye/opencl-stub,2014-01-31T12:19:51Z,2,2,C,true,true,
madeye,madeye/GRACE,2011-08-10T01:31:15Z,5,5,C,true,false,
madeye,madeye/dotfiles,2012-07-24T04:31:05Z,6,6,Emacs Lisp,true,true,MIT License
madeye,madeye/external_sshtunnel,2011-09-19T05:31:00Z,10,10,C,true,true,
madeye,madeye/cuda-surf,2012-10-18T12:25:28Z,5,5,C,true,true,
madeye,madeye/python-for-android,2013-04-09T10:00:32Z,5,5,C,true,false,GNU Lesser General Public License v2.1
madeye,madeye/platform_external_openssl,2014-12-18T07:45:08Z,1,1,C,true,true,Other
madeye,madeye/ats,2015-12-24T10:32:43Z,1,1,C,true,true,Apache License 2.0
madeye,madeye/maven-repository,2012-09-08T10:20:34Z,7,7,Shell,true,true,
madeye,madeye/lsquic,2020-01-19T01:33:48Z,1,1,,true,true,MIT License
madeye,madeye/gputil,2020-01-10T07:24:39Z,3,3,,true,true,MIT License
madeye,madeye/kcp-go,2016-08-19T08:09:21Z,1,1,Go,true,true,MIT License
madeye,madeye/lantern,2015-12-21T11:39:43Z,6,6,Go,true,true,Apache License 2.0
madeye,madeye/opencl-android-proprietary,2014-02-11T07:24:30Z,18,18,,true,true,
madeye,madeye/gost,2017-06-05T09:10:33Z,5,5,Go,true,true,MIT License
madeye,madeye/ditaa-eps,2012-09-20T02:05:59Z,3,3,Java,true,true,
madeye,madeye/barcodescanner,2020-01-21T03:55:03Z,0,0,,true,true,Other
madeye,madeye/dotfiles-new,2020-01-13T01:13:44Z,0,0,,true,true,Creative Commons Zero v1.0 Universal
madeye,madeye/nvidia-china-hire,2017-03-23T05:33:03Z,1,1,,true,true,
madeye,madeye/box,2019-02-25T10:00:58Z,3,3,Dockerfile,true,true,
madeye,madeye/dbartists,2012-07-23T03:45:58Z,3,3,Java,true,true,Other
madeye,madeye/ipset-blacklist,2016-11-24T01:55:37Z,1,1,Shell,true,true,
madeye,madeye/refine,2012-11-21T08:19:10Z,0,0,C++,true,true,
hax,hax/better-es5-shim,2011-04-09T10:46:38Z,37,37,JavaScript,true,true,
hax,hax/async.js,2015-05-13T13:59:02Z,16,16,JavaScript,true,true,
hax,hax/atom-elastic-tabstops,2016-03-03T17:47:15Z,84,84,JavaScript,true,true,MIT License
hax,hax/bx-api,2014-06-03T17:36:12Z,0,0,CSS,true,true,
hax,hax/360-w3c,2019-07-05T03:09:30Z,2,2,,false,false,
hax,hax/china-programming-languages,2022-07-31T21:10:48Z,0,0,,true,true,
hax,hax/babel-features,2015-09-28T09:35:07Z,37,37,JavaScript,true,true,
hax,hax/all-promises,2015-01-29T05:08:03Z,16,16,JavaScript,true,true,
hax,hax/agendas,2021-12-02T18:03:51Z,0,0,,true,false,
hax,hax/chevrotain,2017-09-19T02:02:46Z,0,0,TypeScript,true,false,Apache License 2.0
hax,hax/accepts-tab,2020-08-09T02:56:48Z,2,2,JavaScript,false,false,MIT License
hax,hax/360-ecma-tc39,2019-07-31T06:02:11Z,1,1,,false,false,
hax,hax/75cdn,2019-07-08T05:41:20Z,0,0,,true,true,MIT License
hax,hax/avos-chat,2014-06-05T06:45:18Z,4,4,JavaScript,true,true,
hax,hax/chromeless,2017-07-28T06:55:16Z,1,1,TypeScript,true,true,MIT License
hax,hax/array-reverse-ios12,2018-09-18T20:59:22Z,0,0,HTML,true,true,MIT License
hax,hax/babel,2015-11-10T11:43:16Z,0,0,JavaScript,true,true,MIT License
hax,hax/babel-plugin-transform-es2015-generator-return,2015-12-02T22:52:15Z,2,2,JavaScript,true,true,
hax,hax/atom-ts-transpiler,2017-11-17T02:45:41Z,0,0,TypeScript,true,false,MIT License
hax,hax/all-about-left-pad,2016-04-13T08:25:04Z,1,1,,true,true,
hax,hax/chronos,2016-08-22T08:05:31Z,2,2,JavaScript,true,true,
hax,hax/atom,2016-02-26T05:10:49Z,0,0,CoffeeScript,true,false,MIT License
hax,hax/babel-plugin-transform-function-sent,2016-06-06T19:20:31Z,0,0,JavaScript,true,true,
hax,hax/babel-features-cli,2015-12-28T13:15:06Z,0,0,,true,true,
hax,hax/BroadcastChannel.js,2014-06-11T02:20:33Z,0,0,,true,true,
hax,hax/caniuse,2014-06-10T04:49:38Z,0,0,JavaScript,true,true,
hax,hax/bx-chat,2014-06-04T05:02:19Z,0,0,,true,true,
hax,hax/broccoli-uglify-js,2014-08-21T13:55:04Z,0,0,,true,true,MIT License
hax,hax/bx-cheers,2014-05-24T08:31:01Z,0,0,,true,true,
hax,hax/aop-php-lib,2014-03-11T06:41:46Z,0,0,PHP,true,true,
pissang,pissang/claygl-advanced-renderer,2018-03-07T12:31:53Z,47,47,JavaScript,true,true,MIT License
pissang,pissang/clay-viewer,2017-05-04T09:47:09Z,771,771,JavaScript,true,true,"BSD 3-Clause ""New"" or ""Revised"" License"
pissang,pissang/claygl,2013-05-21T02:09:59Z,2801,2801,JavaScript,true,true,"BSD 2-Clause ""Simplified"" License"
pissang,pissang/dota2hero,2013-10-19T05:13:12Z,448,448,JavaScript,true,true,
pissang,pissang/canvas-engines-comparison,2021-02-23T03:29:13Z,3,3,JavaScript,true,true,MIT License
pissang,pissang/echarts-examples,2020-06-24T11:26:12Z,2,2,JavaScript,true,true,
pissang,pissang/curlnoise-2d,2018-03-23T11:22:58Z,6,6,JavaScript,true,true,MIT License
pissang,pissang/bpypolyskel,2022-10-24T02:46:05Z,1,1,,true,true,GNU General Public License v3.0
pissang,pissang/claygl-examples,2014-06-24T08:56:42Z,13,13,JavaScript,true,true,
pissang,pissang/bvh,2023-04-08T10:04:59Z,1,1,C++,true,true,MIT License
pissang,pissang/echarts-next,2015-07-28T04:48:53Z,11,11,JavaScript,true,true,
pissang,pissang/campskeleton,2022-12-22T06:21:55Z,0,0,,true,false,Apache License 2.0
pissang,pissang/echarts-factory,2019-07-26T11:05:13Z,25,25,TypeScript,true,true,MIT License
pissang,pissang/controlkit.js,2017-10-10T02:25:39Z,9,9,JavaScript,true,false,
pissang,pissang/dfatool,2012-12-20T07:07:31Z,47,47,JavaScript,true,true,
pissang,pissang/clipper-lib,2022-07-17T07:34:38Z,0,0,,true,true,
pissang,pissang/docsearch-configs,2021-08-31T03:15:58Z,1,1,,true,true,MIT License
pissang,pissang/cocos2d-x,2018-12-12T04:01:49Z,2,2,C++,true,true,
pissang,pissang/chrome-history-stat,2016-01-15T06:21:32Z,5,5,JavaScript,true,true,
pissang,pissang/bkgraph,2014-09-17T02:49:32Z,12,12,JavaScript,true,true,
pissang,pissang/benchmark.js,2019-02-16T05:36:30Z,0,0,JavaScript,true,true,Other
pissang,pissang/claygl.xyz,2018-01-15T08:56:30Z,1,1,JavaScript,true,true,
pissang,pissang/claygl-docs,2018-01-15T13:35:47Z,1,1,HTML,true,true,
pissang,pissang/colorful-stream,2018-03-23T02:33:11Z,5,5,JavaScript,true,true,MIT License
pissang,pissang/cocos2d-console,2018-12-10T12:52:47Z,0,0,Python,true,true,
pissang,pissang/claygl-module-examples,2018-04-10T13:49:15Z,0,0,JavaScript,true,true,
pissang,pissang/doubi,2014-07-10T10:26:23Z,1,1,JavaScript,true,true,
pissang,pissang/echarts-christmas,2016-12-22T20:52:22Z,0,0,JavaScript,true,true,
pissang,pissang/baixiaodu,2015-06-04T11:39:52Z,0,0,JavaScript,true,true,
pissang,pissang/director,2013-03-19T04:48:02Z,0,0,JavaScript,true,true,MIT License
kesenhoo,kesenhoo/android-training-course-in-chinese,2014-06-13T09:46:16Z,10543,10543,JavaScript,true,true,Apache License 2.0
kesenhoo,kesenhoo/AndroidApiDemo,2014-09-26T06:54:58Z,16,16,Java,true,true,
kesenhoo,kesenhoo/android-open-project,2014-07-11T15:33:58Z,129,129,,true,true,Apache License 2.0
kesenhoo,kesenhoo/kesenhoo.github.com,2012-12-04T06:43:01Z,18,18,HTML,true,true,
kesenhoo,kesenhoo/AndroidTrainingCode,2014-09-09T13:14:54Z,37,37,Java,true,true,Apache License 2.0
kesenhoo,kesenhoo/material-camera,2016-01-25T07:36:47Z,2,2,Java,true,true,Apache License 2.0
kesenhoo,kesenhoo/Android-Universal-Image-Loader,2013-09-11T09:12:50Z,1,1,Java,true,true,Apache License 2.0
kesenhoo,kesenhoo/BitmapFun,2014-02-20T13:31:59Z,7,7,Java,true,true,
kesenhoo,kesenhoo/android-Camera2Basic,2016-01-25T07:30:22Z,0,0,Java,true,true,Apache License 2.0
kesenhoo,kesenhoo/Android,2012-08-24T04:52:44Z,15,15,Java,true,true,
kesenhoo,kesenhoo/Camera2,2014-04-24T03:28:11Z,5,5,Java,true,true,Apache License 2.0
kesenhoo,kesenhoo/OpenGLES20_T,2018-07-02T17:01:05Z,1,1,Java,true,true,
kesenhoo,kesenhoo/TouchEventDemo,2014-01-23T10:12:43Z,12,12,Java,true,true,Apache License 2.0
kesenhoo,kesenhoo/android-jobs,2015-08-14T07:47:35Z,6,6,,true,true,
kesenhoo,kesenhoo/ActionBar-PullToRefresh,2013-10-16T06:48:54Z,1,1,Java,true,true,
kesenhoo,kesenhoo/Android-ViewPagerIndicator,2014-01-03T07:17:43Z,1,1,Java,true,false,
kesenhoo,kesenhoo/Volley-demo,2015-01-07T14:28:21Z,1,1,Java,true,true,
kesenhoo,kesenhoo/AndroidWearDemo,2014-07-15T08:42:52Z,2,2,Java,true,true,Apache License 2.0
kesenhoo,kesenhoo/platform_packages_apps_music,2013-03-27T10:30:04Z,1,1,Java,true,true,Other
kesenhoo,kesenhoo/grafika,2014-05-22T02:30:39Z,1,1,Java,true,false,Apache License 2.0
kesenhoo,kesenhoo/progit,2014-09-11T13:38:01Z,0,0,,true,true,
kesenhoo,kesenhoo/iOS_Demo,2013-08-04T02:12:43Z,0,0,,true,true,
jmzeng1314,jmzeng1314/GEO,2018-07-09T12:33:40Z,778,778,R,true,true,
jmzeng1314,jmzeng1314/AnnoProbe,2019-12-07T09:14:42Z,100,100,R,true,true,
jmzeng1314,jmzeng1314/bioinformatics123,2017-10-24T10:38:11Z,144,144,,true,true,
jmzeng1314,jmzeng1314/5years,2019-03-28T03:36:37Z,229,229,HTML,true,true,
jmzeng1314,jmzeng1314/idmap2,2019-12-02T07:07:03Z,25,25,R,true,true,
jmzeng1314,jmzeng1314/idmap1,2019-12-01T13:02:29Z,27,27,R,true,true,
jmzeng1314,jmzeng1314/cnv,2017-10-27T06:02:28Z,32,32,HTML,true,true,
jmzeng1314,jmzeng1314/gtex_BRCA,2019-03-09T11:17:00Z,16,16,R,true,true,
jmzeng1314,jmzeng1314/biotrainee,2018-07-02T07:38:48Z,35,35,R,true,true,
jmzeng1314,jmzeng1314/GSE76275-TNBC,2020-09-09T03:54:10Z,17,17,R,true,true,
jmzeng1314,jmzeng1314/humanid,2016-11-13T09:17:07Z,43,43,R,true,true,
jmzeng1314,jmzeng1314/for_paper,2022-04-08T10:09:22Z,7,7,R,true,true,
jmzeng1314,jmzeng1314/GEOmirror,2019-11-29T14:45:05Z,43,43,R,true,true,
jmzeng1314,jmzeng1314/IDmap,2018-10-15T03:48:19Z,11,11,R,true,true,
jmzeng1314,jmzeng1314/ChIP-seq-analysis,2016-06-29T07:44:22Z,19,19,Python,true,true,MIT License
jmzeng1314,jmzeng1314/geneSet,2016-12-12T13:49:39Z,7,7,R,true,true,
jmzeng1314,jmzeng1314/bioinformatics_links,2016-04-08T11:01:57Z,10,10,,true,true,GNU General Public License v3.0
jmzeng1314,jmzeng1314/bioconductor_learn,2017-07-13T00:58:00Z,4,4,,true,true,
jmzeng1314,jmzeng1314/exprSet,2017-12-24T00:49:36Z,5,5,R,true,true,
jmzeng1314,jmzeng1314/docker,2018-10-10T03:11:38Z,8,8,Dockerfile,true,true,
jmzeng1314,jmzeng1314/BPscRNAseq,2018-08-22T03:53:29Z,11,11,HTML,true,true,
jmzeng1314,jmzeng1314/blog,2019-07-15T13:35:10Z,3,3,,true,true,
jmzeng1314,jmzeng1314/ea-utils,2016-08-04T09:19:53Z,3,3,C++,true,false,
jmzeng1314,jmzeng1314/hellow_world,2016-02-27T03:24:26Z,3,3,,true,true,
jmzeng1314,jmzeng1314/btp-workshop-template,2016-03-31T01:18:10Z,3,3,TeX,true,true,
jmzeng1314,jmzeng1314/Github-Pages-Example,2016-03-26T09:53:21Z,4,4,CSS,true,true,
jmzeng1314,jmzeng1314/Git-Hankbook,2017-06-26T23:29:13Z,5,5,,true,true,
jmzeng1314,jmzeng1314/dockerfile_jupyter,2017-11-23T06:31:45Z,3,3,Python,true,true,
jmzeng1314,jmzeng1314/bioweb,2017-12-12T13:35:53Z,5,5,R,true,true,
jmzeng1314,jmzeng1314/Demo,2019-05-16T10:27:12Z,3,3,R,true,true,
yiminghe,yiminghe/async-validator,2015-03-10T03:04:31Z,8895,8895,TypeScript,true,true,MIT License
yiminghe,yiminghe/dom-align,2015-01-08T04:45:55Z,389,389,JavaScript,true,true,MIT License
yiminghe,yiminghe/dom-scroll-into-view,2015-01-29T11:39:35Z,156,156,JavaScript,true,true,
yiminghe,yiminghe/css-animation,2015-06-04T11:23:40Z,89,89,JavaScript,true,true,MIT License
yiminghe,yiminghe/add-dom-event-listener,2015-11-06T03:08:54Z,40,40,JavaScript,true,true,MIT License
yiminghe,yiminghe/kison,2014-04-24T04:31:57Z,40,40,TypeScript,true,true,MIT License
yiminghe,yiminghe/gregorian-calendar,2015-01-28T11:10:23Z,20,20,JavaScript,true,true,
yiminghe,yiminghe/concurrent-runner,2022-01-26T08:50:34Z,2,2,TypeScript,true,true,MIT License
yiminghe,yiminghe/bit-components,2022-08-11T11:26:22Z,1,1,TypeScript,true,true,MIT License
yiminghe,yiminghe/chrome-map-remote,2020-12-11T07:18:56Z,6,6,JavaScript,true,true,MIT License
yiminghe,yiminghe/dataloader,2021-01-28T15:47:46Z,1,1,JavaScript,true,false,MIT License
yiminghe,yiminghe/eslint-plugin-catch-call-function,2021-08-02T09:56:23Z,1,1,JavaScript,true,true,MIT License
yiminghe,yiminghe/get-async,2021-07-13T06:15:05Z,1,1,TypeScript,true,true,MIT License
yiminghe,yiminghe/falcor-todo-demo,2015-10-10T17:58:33Z,7,7,JavaScript,true,true,
yiminghe,yiminghe/game-eidolon,2019-05-31T07:21:24Z,2,2,JavaScript,true,true,
yiminghe,yiminghe/class-id-minifier,2013-05-23T06:06:10Z,5,5,JavaScript,true,true,
yiminghe,yiminghe/gregorian-calendar-format,2015-01-28T11:09:22Z,16,16,JavaScript,true,true,
yiminghe,yiminghe/kissy-boilerplate,2013-12-24T10:48:50Z,5,5,JavaScript,true,true,
yiminghe,yiminghe/babel-runtime-loose,2017-09-28T13:11:10Z,1,1,JavaScript,true,true,MIT License
yiminghe,yiminghe/gh-history,2014-12-26T08:58:44Z,6,6,JavaScript,true,true,
yiminghe,yiminghe/kissy-editor,2013-07-12T18:14:01Z,0,0,,true,true,
yiminghe,yiminghe/ios-todo-demo,2016-05-10T13:33:19Z,2,2,C,true,true,
yiminghe,yiminghe/falcor-koa-router,2015-10-26T08:02:52Z,9,9,JavaScript,true,true,
yiminghe,yiminghe/koa-modularize,2014-10-29T07:12:55Z,1,1,JavaScript,true,true,
yiminghe,yiminghe/kissyteam.github.com,2010-10-21T12:08:07Z,2,2,JavaScript,true,true,
yiminghe,yiminghe/kissy-chrome-extension,2013-12-31T08:23:09Z,1,1,JavaScript,true,true,
yiminghe,yiminghe/kissy,2013-07-01T05:31:21Z,0,0,JavaScript,true,true,
yiminghe,yiminghe/deps-optimizer,2014-03-31T10:44:57Z,0,0,JavaScript,true,true,
yiminghe,yiminghe/kissy-web-worker,2013-12-31T08:30:24Z,0,0,JavaScript,true,true,
yiminghe,yiminghe/kissy-dpl,2010-12-27T03:24:16Z,1,1,JavaScript,true,true,
